{"cameraMode":{"drawMode":0,"name":"Shaded","section":"Shading Mode"},"sceneLighting":false,"audioPlay":false,"sceneViewState":{"showFog":true,"showMaterialUpdate":false,"showSkybox":false,"showFlares":true,"showImageEffects":true,"showParticleSystems":true},"in2DMode":false,"pivot":{"x":5.050000190734863,"y":2.8199996948242189,"z":0.0},"rotation":{"x":0.05239938944578171,"y":0.05389965698122978,"z":-0.002832293976098299,"w":0.9971669316291809},"size":8.490158081054688,"orthographic":true}